'IMAGE NAME', 'SNR', 'extrema', 'RMS','Count', "Median", "Standard Deviation", "Variance", "Image Variance"
tulips.png,1.453,"[(0, 253), (3, 245), (0, 245)]","[138.13695383948587, 120.06577323173077, 110.0214299799358]","[393216, 393216, 393216]","[69, 102, 76]","[84.23137475705072, 59.97885761349936, 61.633526894427895]","[7094.92449346272, 3597.4633606204297, 3798.6916374461666]",4889.506117861784
tulips_median.png,1.457,"[(0, 245), (7, 235), (0, 236)]","[137.94478788080036, 119.72200523842612, 109.61453188970768]","[393216, 393216, 393216]","[69, 102, 76]","[84.06136993682985, 59.57930980623455, 61.18603916318957]","[7066.313915656562, 3549.694156987276, 3743.731388479368]",4846.172816822301
tulips_gaussian_blur.png,1.476,"[(2, 239), (6, 232), (0, 233)]","[137.23420428028336, 118.8962550744281, 108.63132345145415]","[393216, 393216, 393216]","[69, 103, 77]","[83.28010664863692, 58.370781461518355, 59.77584097829038]","[6935.576163408339, 3407.148128428335, 3573.15116466186]",4697.895474645829
tulips_edge_enhancer.png,1.409,"[(0, 255), (0, 255), (0, 255)]","[139.38081145665376, 121.9840822414636, 112.39781571208282]","[393216, 393216, 393216]","[69, 100, 75]","[85.85286663375776, 62.98296663428177, 64.97889838836177]","[7370.7147092337955, 3966.8540860550515, 4222.257235765043]",5244.206605532699
tulips_sobel.png,0.47,"[(0, 255), (0, 255), (0, 255)]","[35.330442262327544, 38.18585837540563, 39.99345255353297]","[393216, 393216, 393216]","[0, 0, 0]","[32.20455559758413, 34.522170905719584, 36.001844123303165]","[1037.1334012378873, 1191.7802840437118, 1296.1327802786188]",1176.4317647705222
tulips_emboss.png,7.243,"[(0, 255), (0, 255), (0, 255)]","[128.68827756597705, 128.9083184414225, 129.06725725545877]","[393216, 393216, 393216]","[128, 128, 128]","[16.69653510388204, 17.489636640074334, 18.64824187295741]","[278.7742844751653, 305.8873898018307, 347.75692495232215]",310.8090954494581
tulips_bilateral.png,1.468,"[(1, 242), (7, 233), (0, 234)]","[137.29236851668614, 119.00685323220375, 108.7980579109391]","[393216, 393216, 393216]","[69, 103, 77]","[83.49545982378905, 58.7198250134658, 60.18494485296484]","[6971.491811185971, 3448.017849612044, 3622.2275869544187]",4739.740065890345
